{"cameraMode":{"drawMode":0,"name":"Shaded","section":"Shading Mode"},"sceneLighting":false,"audioPlay":false,"sceneViewState":{"showFog":true,"showMaterialUpdate":false,"showSkybox":false,"showFlares":true,"showImageEffects":true,"showParticleSystems":true},"in2DMode":false,"pivot":{"x":9.0,"y":0.898695707321167,"z":-0.8100000023841858},"rotation":{"x":0.16246499121189118,"y":-0.060641612857580188,"z":0.010004216805100441,"w":0.9847990870475769},"size":4.348443508148193,"orthographic":false}