{"cameraMode":{"drawMode":0,"name":"Shaded","section":"Shading Mode"},"sceneLighting":true,"audioPlay":false,"sceneViewState":{"showFog":true,"showMaterialUpdate":false,"showSkybox":true,"showFlares":true,"showImageEffects":true,"showParticleSystems":true},"in2DMode":false,"pivot":{"x":7.835338592529297,"y":1.3766069412231446,"z":-1.2951393127441407},"rotation":{"x":0.08084013313055039,"y":-0.04185004159808159,"z":0.0033972864039242269,"w":0.9958428740501404},"size":6.958672523498535,"orthographic":false}