{"cameraMode":{"drawMode":0,"name":"Shaded","section":"Shading Mode"},"sceneLighting":true,"audioPlay":false,"sceneViewState":{"showFog":true,"showMaterialUpdate":false,"showSkybox":false,"showFlares":true,"showImageEffects":true,"showParticleSystems":true},"in2DMode":false,"pivot":{"x":-2.4087038040161135,"y":4.601141929626465,"z":-12.07129955291748},"rotation":{"x":0.008999344892799855,"y":-0.00899976771324873,"z":0.00008060764230322093,"w":0.9999206066131592},"size":86.61522674560547,"orthographic":false}